label,true_label,predicted_label,predicted_proba_melanoma,rotational_asymmetry_score,compactness_score,mean_color_B,mean_color_G,mean_color_R,std_color_B,std_color_G,std_color_R,hair_coverage_pct
non_melanoma,0,0,0.353341220312101,0.2361116059754561,0.739,99.6235800078817,95.0714665113171,173.58504531980878,20.13633322941552,18.152219064262876,13.534047586553555,35.652603159252095
non_melanoma,0,0,0.38321982228096135,1.2613781702271922,0.845,109.49220073404857,124.57562817617163,172.8931394692264,19.28045183217893,21.70720405351812,23.65859660831983,23.210624361516736
non_melanoma,0,0,0.37239534985184014,0.3814519832833703,0.84,111.04929535232384,117.2392003998001,168.64069965017492,18.906406391800218,18.452981826554744,12.337813740132436,41.633060425290154
non_melanoma,0,0,0.17762080667799693,0.3922464721355894,0.739,176.9995778275003,190.4980368978765,219.97082788027188,16.788068278807188,17.85700231601773,11.129644792435435,23.119388094446293
non_melanoma,0,0,0.31186711971702374,0.2048063674380916,0.695,110.17746603849322,120.52064451158108,179.5335213628265,14.591144033508144,16.6488142820266,7.24189572943924,10.58441223974717
non_melanoma,0,0,0.368543887193783,0.4956166574572212,0.747,130.18555667001004,131.2222668004012,181.1187562688064,47.196716646422,45.25596372230216,32.211293696194886,34.95749404543504
non_melanoma,0,1,0.5767110037452728,0.1314756612424052,0.723,78.98286279248599,75.66857080083489,131.93386795561904,26.22491493843262,24.626238404186186,22.754902458739927,42.77108433734939
non_melanoma,0,0,0.25948086495837347,0.2847691444010512,0.696,186.59464339452305,183.2795666566356,192.62533854950345,19.202940646606745,16.926113376860556,6.976887739679428,25.340703403381465
non_melanoma,0,0,0.4487011452742988,0.1597304473315433,0.732,98.04500536569564,122.06000820946156,151.6478974598153,16.06520540775909,15.503190007891757,11.107654557686852,33.53147600262985
non_melanoma,0,0,0.33292822600430017,0.1308427673304944,0.7,81.24711859740455,89.672590071206,180.96118084320915,19.223466597119216,19.20029499932472,18.168789561415178,35.43559698180204
melanoma,1,1,0.6674907107793295,0.2179105148919527,0.739,91.79019259785214,101.5773497825508,120.56181325996272,38.9771320423865,40.15837173294299,37.42715856793973,14.649216872199087
non_melanoma,0,0,0.36310479192565426,0.408941702866304,0.76,84.32371233093627,114.83211296214392,173.61693995336927,25.269715017864517,26.15901035337676,17.32627031210271,16.39558711298694
non_melanoma,0,0,0.1587214792868609,0.2091332533456149,0.718,136.0072570173416,161.42299430845964,231.34023033141997,35.040009422920285,32.68906310856135,18.661301064029956,26.35813473447176
non_melanoma,0,0,0.22677476559323081,0.2767656979681275,0.716,126.70137620028768,143.4557011235081,203.96996851067135,26.96777845085833,23.74186382953504,10.706274645530902,27.39234121871659
non_melanoma,0,1,0.612333340935824,0.3079922784694496,0.727,82.50788718929255,89.72896749521989,139.4440726577438,34.21388320476108,37.69566115951862,48.60224314247619,33.30078125
non_melanoma,0,0,0.1495424342603938,0.0867789152253588,0.74,127.9668139587582,145.2941876274643,230.1036823022887,27.511215560629974,27.40768085899645,10.350226794086003,34.138635082824436
non_melanoma,0,0,0.4973964750199504,0.287417492619651,0.76,117.49996608051414,131.488187092743,142.38830313308935,18.000786949550033,15.678155449667932,12.487401271138776,38.69262222222222
non_melanoma,0,0,0.3336995921634229,0.2469901044414433,0.702,113.07596273888409,111.18652165562278,187.2999855949294,53.657442972536984,45.7842687837267,29.30823513436905,34.495681971808196
non_melanoma,0,1,0.5870950015015919,0.2874010620077609,0.733,87.76556172755875,97.4005253729546,122.135347513887,14.497785501760449,14.501346810605687,9.764159678654192,42.47015865627684
non_melanoma,0,1,0.5422927455962284,0.1731219449791107,0.738,59.09494733401673,83.52242575507718,136.81903403604167,21.985123765907517,24.472358801259173,18.80900289048154,19.377792740405216
non_melanoma,0,0,0.38160452119858396,0.0766324645968386,0.705,133.88054932239854,153.09828273600277,188.21067743307137,53.12949488193478,54.845296009052454,49.236612231330064,19.220014259456704
non_melanoma,0,0,0.377519437222245,0.826456720652418,0.864,143.61750994883457,144.07868106878908,165.35713473564525,16.448535701273695,14.491555450884592,8.649890585428784,14.925743960135495
non_melanoma,0,0,0.34574727142467554,1.2154517347447562,0.932,135.09837580147453,149.5717492932242,178.4975978861398,23.037321885516903,22.881820941230384,18.990815985920857,34.48454157117765
non_melanoma,0,0,0.28717296874661175,0.5984496474788953,0.775,100.39752600506044,118.61231374754006,186.74978914815856,8.231741507103152,9.111411447806953,9.21286873536553,24.199241973840664
non_melanoma,0,0,0.44194688035114954,0.5582484192698242,0.762,112.65342312008978,112.1648709315376,152.2662177328844,23.06982708004884,18.54365675651965,9.757966221203096,28.127834180101964
non_melanoma,0,0,0.49641715325575314,0.1185468749990083,0.701,108.68648709568352,108.97716668545024,145.0219091626282,27.57739612330341,25.14320435262421,16.643863233917745,50.14541710602851
non_melanoma,0,0,0.3499424119138233,1.1413007971364957,0.932,126.98140686693296,125.9615322450299,175.09229605855597,22.69338646258686,19.87945263150238,14.798179382557906,29.968225935275417
melanoma,1,1,0.7414259694180904,0.4381894125905753,0.743,50.28848728246319,63.9408543263965,95.86935621272973,15.853874536644136,20.450000930454017,26.60151829682015,33.690514280194876
non_melanoma,0,1,0.5231062869437398,1.388861140453571,0.917,58.37287396423899,84.0824247710423,144.0584387265591,19.71367430339044,21.636002987121547,24.39822769591151,35.13182590043793
non_melanoma,0,1,0.5431127138249693,0.2411967571604389,0.722,42.69929251852265,52.23731268453011,140.03938499247954,30.657475925031303,33.100504843066965,24.603829000203383,20.481719630141352
non_melanoma,0,0,0.38967500945974326,0.1111995271764317,0.695,125.05327491293112,129.5498708010336,163.5411526794742,15.095997861941497,14.69712922646154,10.070680311150332,13.288944678633168
non_melanoma,0,0,0.22469903653473108,0.7041242604745998,0.812,152.11767134599503,140.19281585466555,204.09000825763832,17.029476844955603,16.327356117931757,9.866247926236358,28.74705214429208
non_melanoma,0,0,0.49795921465781157,0.2934430592263777,0.722,111.8508105656955,112.38623738805124,148.27479877564903,20.95020755910499,24.97952248116941,22.746394619248207,22.412752083081752
non_melanoma,0,0,0.30802669621901213,0.3221622901505842,0.739,121.64297273745798,129.89277563384374,189.559981741981,31.81109444190551,31.763564982969505,22.79834001627994,49.08058918555429
non_melanoma,0,1,0.825964400303148,0.326296061931428,0.747,26.02133125913355,28.39836421062556,71.51961061613162,25.03391359059269,26.425136672689987,29.33050240577726,50.3913363651743
non_melanoma,0,1,0.7303577281275916,0.4413442318941246,0.919,77.63334668297487,79.40650740905106,103.1103401993787,31.539890897453933,33.53213462638651,33.96502566630935,8.875
non_melanoma,0,1,0.6769810240649944,0.3782463228138561,0.769,91.36106027364268,90.89137302157322,112.14452795738136,27.424730375852914,26.319397593040307,26.83160638104656,7.591416765161302
non_melanoma,0,0,0.4223194618711688,0.4329682501724526,0.74,133.32323902084562,132.3007947681548,157.22421545029292,13.741520063616788,13.482996267204854,11.19188776756255,23.36402902118534
non_melanoma,0,1,0.6062104957730596,0.1812419712335552,0.717,69.99955693198001,83.75769604629609,119.62015055270474,13.168038479977778,15.863537458639469,12.456690745603115,40.66403681788297
non_melanoma,0,0,0.26617418739305,0.6112993053713156,0.772,117.63113755593508,138.49489774055914,201.61404330339928,32.124980942051934,32.67947538132212,25.38033538721334,24.054854642556673
non_melanoma,0,1,0.6711839889192445,1.2931536174453793,0.894,100.38687191402846,84.71391228579726,114.64391519024107,28.67722101450683,28.225581920676568,28.781183142053393,24.239882400817216
non_melanoma,0,0,0.4682547233736659,0.1159222574634358,0.709,74.76871273237461,98.08368993335672,148.33027008067344,16.59551279587837,18.879869369478985,12.36941354040599,18.587122748977873
non_melanoma,0,0,0.2547505971830504,0.408834418912244,0.81,165.68558708959378,168.70210767946577,201.2614426822482,30.58215402940508,27.990300579911622,19.55775102577799,45.05646386477192
non_melanoma,0,0,0.4892223560563045,0.2743955844348347,0.713,112.2370417193426,125.0579962073325,151.01991150442478,28.950681824452083,29.01600466040382,24.36201594651524,30.494267553324235
non_melanoma,0,0,0.24783432572990435,0.3252924653379863,0.744,121.93003536773377,148.5341888092863,196.27881563435204,15.00065148455613,11.891688197750549,7.806395434460771,14.429604486422669
non_melanoma,0,1,0.5475705196999118,0.883347281877554,0.903,99.58714304926704,103.5962522974851,146.03996353909835,35.533246230276276,37.33260069124816,36.44198828556983,17.94670715073277
non_melanoma,0,0,0.28576392187429445,0.5090610374846295,0.795,95.97837958319404,105.2201047587206,199.53917307477988,33.061327176788325,33.72497820654509,30.465147411514867,42.43235555555556
non_melanoma,0,1,0.5383427118325297,0.3665718204457303,0.754,123.88083876604612,103.85785335035956,139.069157873513,29.365050400684783,25.6209402664207,21.255175870365548,23.996775060467616
non_melanoma,0,0,0.4189506593308447,0.2513467940772895,0.712,87.27031019202363,108.7045790251108,155.42245199409157,9.097334590645232,8.688003903328847,6.895846664880163,35.98155768937662
non_melanoma,0,0,0.35276230499311084,0.5961762214221975,0.804,117.44229486838503,125.39381762395396,170.8477649162976,13.11636001473823,10.350852713015955,8.632571295323379,29.72411280552102
non_melanoma,0,0,0.4833219915005423,0.3790994861739564,0.917,97.43767183522333,105.50299930571629,145.0953760703541,17.189771234057496,16.848868015929657,12.157439521235922,34.3697255446996
non_melanoma,0,0,0.41737983438582443,0.3287351313070488,0.777,125.97118089491352,125.83770874941573,155.99774784345388,11.60978874852305,11.41136749425281,7.310920555526207,37.91310990469105
non_melanoma,0,0,0.2428380873727156,0.4605581671249705,0.723,103.28168779186124,111.63358905937292,198.67845230153435,8.991130732068765,9.990405630587931,9.532781613451268,23.52602658350041
non_melanoma,0,0,0.3962144759405555,0.174090082838928,0.724,127.57698294159265,124.44650577784763,167.199198176244,26.79736734011172,21.913559533723024,18.7355273533263,24.843988543016728
non_melanoma,0,1,0.5058090209748864,0.2030054752808629,0.72,89.18040807005525,90.7915426031813,144.6626944393209,24.140802948570595,26.194392909901083,19.33620371997385,21.93932472508243
non_melanoma,0,1,0.5000554343524365,0.2048100677043441,0.708,57.57987401066064,77.73832983362946,149.84283637538363,28.371210369367752,33.865306791634,26.164329414474512,34.925496893641245
non_melanoma,0,1,0.7056240987195974,0.1750409952233615,0.92,78.93024975629433,74.8873407509496,99.16787118894752,17.507277500494272,19.515582035917312,16.47122364874809,22.82473497658689
non_melanoma,0,0,0.4289528783862344,0.1326972267852856,0.733,131.42593706153536,128.06086390058127,159.80578272198838,21.19823814399945,21.900538523699908,17.992160288964705,29.18530249502561
non_melanoma,0,1,0.7883591207930174,0.3938365829675328,0.767,49.798999887530606,58.82032581518683,76.82211667402044,16.109064022535176,17.112691697676734,17.07557038449291,24.9661183452426
non_melanoma,0,1,0.6096150327031001,0.541092619151816,0.757,78.02790250781635,85.3506332497782,123.27965271024706,24.72772398429419,27.46745061468563,19.96836422253795,39.49584816132859
non_melanoma,0,0,0.38324119440323073,0.3242066184393133,0.737,137.5098367328479,143.59680701913075,169.0037990140654,32.508787935643994,30.270647268378124,17.019096985417086,25.72508875739645
non_melanoma,0,0,0.24526247370698545,0.2617157514437933,0.711,67.11426533523537,125.14621968616262,199.50756062767476,23.026082938737822,16.824660611201423,12.106352886484402,38.88043949596979
non_melanoma,0,1,0.5416741040890594,0.2502078232665766,0.7,86.12952209197475,90.06690712353472,137.39256988277728,29.373034925684017,26.165636567118128,19.569936338015943,12.600766126580496
non_melanoma,0,1,0.5717047875964829,0.3857960063675654,0.746,105.55991488122208,109.39000097093664,132.24482167130557,37.6459868296231,36.26855599485178,21.484341931552,19.894033328936377
non_melanoma,0,1,0.6872009828199489,0.3378219896453541,0.767,66.00247733596625,80.58238937258774,125.29360021542053,43.63494712593946,44.82808100192755,53.45338526050402,20.193650105911804
non_melanoma,0,1,0.740378924100077,0.421331391397145,0.757,40.97640791476408,59.80691454664058,95.7782670145684,16.237942757921093,19.981852171482377,25.965817251405557,38.6171875
non_melanoma,0,1,0.5698915814028443,0.5600656678092876,0.744,56.78719008264463,74.66391184573003,125.86845730027548,8.603815931212942,9.733996153491946,9.93483850283324,31.85249017227425
non_melanoma,0,1,0.5125029131003401,0.5455369979268646,0.644,106.73300113023984,121.6571439276147,147.1613745215214,25.39675193013047,24.48713049076261,25.96406406376918,41.210570960185294
non_melanoma,0,1,0.5081429754261357,0.5066701992161888,0.845,132.54392553886348,140.9620346178968,144.6977465708687,24.5617158940501,22.167192737798423,20.21788616829347,29.54385152857678
non_melanoma,0,1,0.7049042817040928,0.4315472927152778,0.799,59.09504073958007,75.33849890316515,101.59452366029458,31.689725512811936,27.902131588231363,20.313975390004476,33.32653638324026
non_melanoma,0,0,0.4191486789675025,1.7392680588884344,0.889,72.84572182359642,95.71308936102172,158.64695301101273,19.458325444187516,17.575676688089473,12.47857939418137,36.48378226942223
non_melanoma,0,1,0.5132564722858532,0.2416339733678414,0.754,97.345820021221,106.68966784136566,142.56009628808832,19.645883007058725,19.981753952550775,18.365248419498187,31.102038531041877
melanoma,1,1,0.5802572026082209,0.6122400404030486,0.955,125.05839486560858,119.1090462206202,131.5567518356929,20.07820911457211,23.742350579390298,23.390249351528674,38.29165010544092
non_melanoma,0,0,0.3314445177873996,0.1689492959322913,0.727,92.0841884249382,104.34941921500898,177.39378238341968,13.844996494072095,14.099013079554318,11.482970734970088,31.77939455981281
non_melanoma,0,0,0.39618488339610763,1.2454534131186343,0.959,134.38751896060165,125.13059983004948,160.16418491252313,9.136636678132223,9.068993601975473,6.7007643254891445,41.063408771510055
non_melanoma,0,1,0.5649026076670145,0.1947748005009114,0.72,83.32779097387173,82.23015376922115,140.31376838771513,24.344632861309663,27.959554919314098,32.8352449364337,29.347799806576404
non_melanoma,0,0,0.4600428866233091,0.3613948690766489,0.836,134.3533890603204,133.25088240267152,156.45391427484466,24.343174885689248,23.209885683631665,23.348138311774175,18.475942816559737
non_melanoma,0,0,0.4682529103514693,1.5562711687071624,0.951,85.39663239698858,102.06529587954344,157.11015947543106,28.787172913766867,29.32702848707855,27.374900202434407,28.158130322836207
non_melanoma,0,0,0.18336892472156033,0.4497620909240801,0.785,194.9925349742523,188.6203005943998,216.45170339233997,17.315588206231517,18.975955848797906,8.535159558168255,17.861706702176726
non_melanoma,0,1,0.5291944814940601,0.4505611189440326,0.757,85.58707109217313,81.30544965238843,136.96036106750392,24.009963472751583,22.337286248223226,14.415670622688149,17.81528888888889
non_melanoma,0,0,0.32003070241342696,0.3943687450462442,0.816,112.11958792179269,112.1418813067318,192.63037368105793,40.954610724436286,41.41988493787226,32.95070850439667,39.51641500287274
non_melanoma,0,1,0.6897408722583657,0.1849244108737961,0.711,61.06455180040086,78.72973253161932,108.59275001727832,23.99689360154543,25.622930450424835,25.951355606168924,36.33642578125
non_melanoma,0,0,0.3417662471523195,0.7016908448539555,0.829,99.8066869862381,106.34958497476116,181.3175113745427,18.62536855657171,19.63051480136639,22.25737449407934,20.78081597370516
non_melanoma,0,0,0.3095345598446906,0.3447358834480982,0.918,138.38604096672807,150.91232253170045,188.6064809797334,29.85541714353016,27.655100843786077,21.7904095871774,40.50921918282548
non_melanoma,0,0,0.3895598308707317,0.2828494541094556,0.739,159.33186692328843,159.29474841902666,168.1391468031556,30.04339726460428,28.529534838741657,17.886708092882714,19.67739069709384
non_melanoma,0,0,0.4821502690011418,0.3000754213782043,0.733,119.34379594934308,109.6284210027036,145.38942512925107,27.776786464435222,24.749847032811015,12.247043948949145,32.10898991286301
non_melanoma,0,1,0.5214304635118595,1.2079684998390503,0.934,105.04410339541522,104.85255405000616,145.5414427431149,38.1529493589332,37.291926258042594,26.341794768985803,17.670957130373864
non_melanoma,0,0,0.4714723598503315,1.351568013851006,0.903,111.45872976646484,120.06666254788088,157.75979241319658,35.8366757046206,34.03092504732764,29.622683917942304,31.66455078125
non_melanoma,0,1,0.6057708063624587,0.0640432259981483,0.707,80.82769601930036,93.52403699236028,124.71696555421524,24.858526748048785,22.808112266234552,21.005835731230217,24.23859470745187
non_melanoma,0,0,0.2934263580550141,0.2194778602398289,0.708,74.3622823466381,102.6748995446022,199.78376640771495,16.21839009163117,21.863592517298883,34.16114981244069,8.594767694311766
non_melanoma,0,0,0.29487465530854934,0.1753156577577956,0.714,145.42756505487134,154.98833085733455,186.59323333493072,19.711103269756897,19.261011534223805,12.230471497633884,40.938755206438536
non_melanoma,0,0,0.17294132211666732,0.2444529566721122,0.706,161.46287532312587,185.16532113740303,222.97082919069396,25.640584126523752,23.417437252396812,13.408087804782369,20.008567365507528
non_melanoma,0,1,0.5125719590743887,0.2355936482604889,0.716,87.62006556481354,97.6436449938533,136.4441333151209,19.849870080598844,16.912200614290015,7.671037501781512,21.073719560015284
non_melanoma,0,0,0.32399482470597835,0.4053494173160423,0.933,89.90401063351155,110.65005789508542,186.7854547447706,23.322912860644575,25.31145935444999,24.558857013048137,21.36052881364344
non_melanoma,0,0,0.2646203978199442,0.3754240877738027,0.814,85.06501473345834,113.50600053576213,198.9382802035896,29.806320607741476,32.391223373275636,20.10567301197963,39.19263448675419
non_melanoma,0,1,0.7794920346102038,0.2186527847775191,0.719,60.5519976997373,79.90972775868153,94.8319631957968,37.29838545856097,34.87528513771957,43.24955290729114,15.708740243067265
non_melanoma,0,0,0.2766914605005739,0.2573203692664425,0.747,95.8947600523457,104.67868346987431,192.36275209293152,25.70466729827008,25.421696201597634,14.249388047167056,32.28699622108464
non_melanoma,0,0,0.49733315654804405,1.408270977884888,0.917,96.45795777138432,119.30337121610384,142.60502193632254,14.859345490778836,16.513625408624623,12.835515365691494,28.727668999972177
non_melanoma,0,1,0.5128812430262134,0.2803478077487588,0.72,80.01089361702128,72.15063829787233,146.01043971631205,33.84198400403117,35.59872262854482,24.13021422470305,21.943790706584203
non_melanoma,0,1,0.5995579399890804,0.2849685657887582,0.713,68.62283918281823,77.2144578313253,119.83855421686746,8.93800439602466,8.32570353938942,10.384520313034049,33.199807723121296
non_melanoma,0,0,0.3372970546225669,0.1407514469588896,0.695,108.9610204855842,128.17166160849771,180.05918057663126,22.955131606944683,19.88158536668472,18.352757230531843,15.65777777777778
non_melanoma,0,1,0.5678245674561031,0.3824251080542071,0.772,75.72704794574217,93.66045325137776,134.34789611610756,21.785796975587935,24.543651403166695,23.68574152682315,14.88577970082439
non_melanoma,0,0,0.18604375854976551,0.1654599013517084,0.683,194.33022938905293,164.00749488984783,218.1043606631842,24.412975621825723,21.38801921728047,12.923019744180875,33.622708416967754
non_melanoma,0,0,0.4375627229414997,0.1932435023004941,0.712,49.31130185979971,99.1123748211731,161.41251788268957,21.175652088346073,23.334447846603588,23.824261220481716,9.237578791249538
non_melanoma,0,0,0.32586326942517974,0.3670497838341868,0.728,175.01279209676397,167.8656196567665,181.3983914888227,22.765260189512382,19.821572600397765,16.101218529025168,25.400079362656815
non_melanoma,0,0,0.3165639028686403,0.2483217097611364,0.728,107.38261357021194,143.04154718526982,180.0623962398396,15.436233829524886,14.123196228538758,10.064072591688213,12.057904704352564
non_melanoma,0,1,0.50491356361057,0.2236356198186025,0.714,69.58555126455472,96.78511571183832,147.8150062429223,20.236596207819115,24.57684586833366,24.40870983584276,16.2730524946434
non_melanoma,0,0,0.27639499890800817,0.2004635119345755,0.736,134.75234915924827,152.86819980217606,194.60769040553907,18.808693020941885,19.884780316937334,17.95591026264435,26.27984389348026
non_melanoma,0,1,0.768198477657432,0.2969980611195392,0.725,67.09494450684572,77.50525242828938,84.87306095587762,21.9693513924047,22.091234147016735,20.548207903778852,17.508719900024246
non_melanoma,0,1,0.733532388840483,1.1651174133882118,0.878,74.73766379795009,76.19936859404056,104.67391774423734,32.40833210754017,36.677359313211774,38.06142102037226,17.858898427561222
non_melanoma,0,0,0.20149616908032345,0.3976041364296327,0.925,119.07668685490064,150.55863118086953,212.09010065682847,16.94972241102199,15.237922168566604,11.35246140376225,6.0485331878839625
non_melanoma,0,1,0.515682437742171,0.1944936448894893,0.699,104.90946676561008,93.63161242446728,137.29640623343582,21.15765630934525,19.622659080996307,10.223544269656374,43.32898400529411
non_melanoma,0,0,0.25238833134199884,0.4363534023758586,0.814,88.48665252457364,121.05513315970764,199.61207258674284,27.850924214830663,26.240989330316207,15.640337540399674,34.11126113961653
non_melanoma,0,1,0.5166935222604679,0.3938690710084655,0.774,99.02677270623724,106.40335601528888,138.1409680681487,12.555172913290608,12.12662003932616,12.023326393407816,28.776964034020324
non_melanoma,0,0,0.4593946265394014,1.1819186338718468,0.861,150.6195593766792,138.21225147770016,160.811033494537,46.39964150600063,48.43179545539578,30.565403488942415,20.01131115090961
non_melanoma,0,0,0.266910734824092,0.3103785387022035,0.722,76.40737026823766,103.17986964151416,194.09125094008525,15.756760881939767,18.682275994454436,12.854341286573495,31.4497419499915
non_melanoma,0,0,0.41148467611873385,1.3127064552773209,0.872,133.27851440418357,114.39719033326114,164.51528607234582,25.68037777180516,25.35954083536342,19.730763682971315,25.131759439751644
non_melanoma,0,0,0.36435165541305525,0.1838231543566529,0.707,156.09656881714486,139.0101535002856,170.53493836032948,16.71241005384024,16.278897234475046,12.53282237425038,17.436043538607642
non_melanoma,0,0,0.3261915355246329,0.139658725650712,-1.309,126.55268868087856,123.50279505853656,181.1487940659349,16.479885916075585,20.02265548917728,15.80609491772292,23.044430211429884
non_melanoma,0,0,0.48929492503455246,0.406022639988097,0.711,115.01516361619522,119.55722684414864,149.00485856905158,23.57609839764506,20.77698400929729,20.94355085662841,32.26689582920056
non_melanoma,0,1,0.515693729730791,0.2314339940677601,0.717,85.27789745799224,90.0659198621284,139.61697544162,15.53065038269824,14.276474145561998,14.193718704196431,32.46396597854828
non_melanoma,0,1,0.5209130425176862,0.4978292208713055,0.746,63.37027060119995,95.96032814987144,141.12648463328028,17.273732002004916,18.2698543400736,18.61350679379642,31.20935055141861
non_melanoma,0,1,0.6532958742093694,0.2144727138906992,0.74,104.56538533554324,96.42897662258407,117.5729790081762,36.5821953238368,33.771316160113365,26.74805568184439,18.16173358649101
non_melanoma,0,0,0.49238878535012826,0.274969137453468,0.719,100.03047176880244,100.34421051085025,142.85651528730736,17.825896462365005,19.521243279093184,11.52461131049774,14.867861717025232
non_melanoma,0,0,0.3439944243261433,0.2790785243780816,0.742,115.4906668517105,118.32940648970072,172.48989287029673,9.918407473150626,11.963349760439652,8.039989159521921,33.868077534106796
non_melanoma,0,0,0.47852955167619793,1.4637059907798673,0.943,115.8151979037374,124.78851192938905,165.56261205350987,45.14753755081912,46.876181447778606,45.449434840384846,31.4181536612426
non_melanoma,0,0,0.4156221319851571,0.4351822705279559,0.762,129.08570907127594,136.0378394409253,157.46034691223775,11.994185977974958,10.07523303751896,9.174210207540478,7.1021009221644045
non_melanoma,0,1,0.5446222944731546,0.5512655760876121,0.81,99.68372714970894,101.12233263137666,141.42285549568015,28.853073877768395,25.116532924297324,27.50391807329482,30.540725581673765
non_melanoma,0,0,0.31353977223677454,0.2203924939295563,0.744,120.56514105625892,116.5879761398458,186.31071634987623,27.048341254799084,25.25555396544047,19.51004917278167,17.885298880923195
non_melanoma,0,1,0.5220741538990245,0.4339785939526677,0.779,91.44482011408176,96.03122908766451,145.18957649533158,29.718961015574394,29.6291817308719,25.967428599919536,13.08708461921789
non_melanoma,0,0,0.3639152323176772,0.3337374675929093,0.736,117.02847583643124,126.07486988847585,168.8714498141264,18.86643346802264,17.91245046018709,9.523794254699276,21.77219324480193
non_melanoma,0,0,0.48325391180129257,0.1993568686450309,0.746,118.1705713563966,111.27646757822872,151.8600724154236,39.51130626515859,41.214953024564586,23.695311896383163,18.85161904297739
non_melanoma,0,0,0.4157522779617162,0.0863198489126722,0.699,128.78091370871869,138.11961998281072,165.59387464167528,25.8437464203139,23.676220801462488,23.12276571599622,24.694643462399217
non_melanoma,0,0,0.4027888566652944,0.4038324870742089,0.817,146.09794687922732,136.01420747938153,161.63843110445242,15.606789267170544,15.865750290744364,11.643183251001744,28.039307336182333
non_melanoma,0,0,0.4707271978401875,0.223606220939384,0.765,99.88129313270731,116.9929856318588,149.02749179771467,23.249194074108107,22.939163764220595,14.43469723133617,20.486829928016377
non_melanoma,0,0,0.4911074762787803,0.2864982310033988,0.708,107.0367709213863,116.1149619611158,147.59171597633136,36.24758598619564,29.78565814706529,19.16659178774036,33.35926839889679
non_melanoma,0,0,0.4018655248226599,1.0829866907566912,0.924,139.5042966436982,138.1234434424998,173.80883544311254,34.63343905711301,34.1687361072583,32.106269418138325,14.880120142734944
non_melanoma,0,1,0.6035140756501832,0.2580791199722575,0.724,118.10401298738287,109.63057161573296,130.76927458631198,33.16305674333409,32.50742938612223,30.51930694528635,15.838434262395754
melanoma,1,1,0.8592868555067719,0.1045555472504289,0.698,34.273591245080155,43.54833445329749,54.83277335125276,10.115186962736397,14.622798544268782,22.995558025214898,26.540250260006147
non_melanoma,0,1,0.5792356263876712,0.5313985994474778,0.801,111.38222692115076,114.02143731567526,135.48378637805354,29.621179310049577,28.616133854154576,29.733123341769204,15.039541562284509
non_melanoma,0,0,0.44975297943811254,0.0925075276601909,0.703,69.26202054756236,95.56198365585628,152.38225397144805,14.997694561629066,15.183639270441438,12.73690884657604,41.096916911261246
non_melanoma,0,1,0.6533547336426878,0.1996216884209955,0.724,64.80660748398697,68.32082256433307,119.27879537026632,23.22467100872054,25.20213161801567,29.686418398272146,25.2321703897594
non_melanoma,0,0,0.3821629417740001,0.2914041785538305,0.806,113.66332030639362,132.18841019227764,176.00006878224167,35.77254783921239,35.10084588741832,28.5750759099309,34.6359076505206
non_melanoma,0,0,0.4142586123837271,0.4641757896071198,0.744,146.0431671463016,136.3629151435016,156.80275336392626,18.89596263551228,15.386788423420866,7.55598627332796,26.95212065998583
non_melanoma,0,1,0.5585041812517125,0.3986735066583636,0.746,87.17928774775743,100.48097974969114,129.73906644464736,16.802058433651673,14.878349546216038,12.47424125122821,34.69743365454948
non_melanoma,0,0,0.26283726488512776,0.422399263065999,0.73,128.85397067500918,153.59452689237483,197.5794413333185,29.06971136952427,25.052827957290862,16.975044634031175,30.793953293065023
non_melanoma,0,0,0.3221628430328397,0.375497886435757,0.736,126.83333333333331,171.0314465408805,189.814858490566,32.40315355929115,34.01264265198563,28.999348007940384,40.58373088184107
non_melanoma,0,0,0.38305435464470894,0.4659678674646021,0.741,103.81942317140133,128.99706672831834,166.12741669797416,11.606476210444471,11.865711538557928,12.03336259917104,35.55716577816883
non_melanoma,0,0,0.38289528047942173,0.2915015516599464,0.722,81.58276500389712,76.11838534127602,172.68250681995323,34.88140535137863,34.03560083794424,23.17773607426134,38.73096993750035
non_melanoma,0,1,0.5917818977489364,0.1958656680548947,0.736,85.26210462206569,94.82962835467173,123.02519562022536,12.96316711695167,14.667802495792468,12.989500582346624,5.365928119924644
non_melanoma,0,0,0.4041252631021595,0.1534676423566776,0.686,62.99227019841465,73.35926345330117,165.56383240608537,18.33708328033236,20.094635360497293,18.840941949898063,37.29917546210066
non_melanoma,0,0,0.32077002248663006,0.3006693486013683,0.754,154.15923016819508,144.05930007813464,182.2310729119546,31.708936504161873,27.526772000374663,15.475581734609747,17.283447265625
non_melanoma,0,1,0.5627332581442501,0.0982922564129649,0.918,86.29202107190721,110.08093045474448,135.92595639654462,18.567483841949123,20.898138063840825,24.55951156087728,16.321268038798202
non_melanoma,0,0,0.2955519827791274,0.1285258831327152,0.701,134.62468996617812,145.26339721909056,188.7358887636227,29.80634652341261,25.682056262356884,16.179082614642542,21.629176295012517
non_melanoma,0,1,0.6011747830154902,0.3270223343105185,0.73,74.17818758442473,77.77509669516482,124.40542331926603,32.17256291045921,30.86596252891044,18.783041572139833,21.952957906287125
non_melanoma,0,0,0.172102857445026,0.3643721056276072,0.866,144.54805502070198,129.7394445073684,226.878997243931,36.1600673143475,34.353451701959926,19.570833529942767,12.564350741348596
non_melanoma,0,0,0.43891602464154306,1.061203120150623,0.894,75.06884153679081,77.72969680960348,152.05799653664403,16.658361670216326,17.571625722938727,8.319781294544054,31.194788160369157
non_melanoma,0,0,0.3859163481241575,0.6140404684952715,0.849,127.2528869319598,133.26269003904628,170.85071030987788,26.741206970112984,28.232251288232497,21.170474200023357,34.340184098853435
non_melanoma,0,0,0.2428926090075167,0.1008427273994614,0.912,124.52299028111112,141.0151248722762,206.17997766318945,31.67904102488349,31.10730534473827,22.38009041222229,30.074258883966444
non_melanoma,0,0,0.4244002587824125,0.229969463095318,0.749,86.20333775449596,97.0015541056524,170.14987294739709,51.39695300983028,51.21565991651616,34.03386402227039,28.522804505513378
non_melanoma,0,0,0.23604711448778887,1.219576254490468,0.931,138.28433943651805,145.32273897456872,201.7696268315569,18.521705470282267,15.929291812303864,11.53407730052837,35.06902494331066
non_melanoma,0,0,0.18641850012291597,0.2607715498605265,0.71,123.92120153045047,126.0748807418316,218.46456781685328,33.17516121720126,31.20477618112079,13.756284003889292,26.974489573892825
non_melanoma,0,0,0.332817165239244,0.6274131700961582,0.837,147.68316750937856,157.41983363236014,177.7255749469907,19.15141553923821,16.214716651359712,12.594647576878376,39.52951363833165
non_melanoma,0,0,0.20010349731759336,0.2815132294380997,0.72,125.5984931446844,153.70763064523194,213.48098909282052,20.816646444714895,17.86896062602352,12.9659551435295,39.14299712743966
non_melanoma,0,1,0.6371408938157362,0.4738440803573101,0.755,70.95545342766725,80.86545322609905,120.17304630021567,23.7171649122056,25.069738814807575,24.98027094279214,34.037443840511536
non_melanoma,0,1,0.5204686179106278,1.161145737699375,0.889,86.61041500789227,106.04366592632948,137.95320510134238,17.055162777264812,15.744504946099964,13.03318626560088,27.266457966720147
non_melanoma,0,0,0.3863418162487586,0.297885838122512,0.727,114.6967529181861,112.95379756774204,171.28239666393313,41.54270857103754,39.56309109898045,22.066258881532463,22.75125844984342
non_melanoma,0,1,0.5191361715765964,0.6663197276961607,0.801,128.50457482329475,113.9158319240276,144.9781304655768,43.15307802545271,36.350531722215365,24.57002867194147,14.900822266290088
non_melanoma,0,0,0.4786966151396859,0.2822085638822379,0.708,126.50959242539048,123.99134039261132,148.27056815938772,28.622907565311227,26.797781784613257,15.95369677517651,17.677254221501112
non_melanoma,0,0,0.4189700735926759,0.3420783089024721,0.92,85.73514584083543,103.6229744328412,177.08192293842276,31.727320503287235,37.928306676260775,43.922099593991945,39.26363880677237
non_melanoma,0,0,0.42316133284773594,0.3075108842581261,0.712,132.76689976689977,143.55810855810856,156.99134199134198,12.26066689293927,11.830789031861745,11.097481885232568,31.715797430083143
non_melanoma,0,1,0.5026671250240227,0.4211172095230194,0.929,142.5282668410726,138.2677828646174,146.27725310660563,18.32638593370725,20.339178220599113,20.98961197588009,36.25994021769782
non_melanoma,0,0,0.28511713478453815,0.7799172962786386,0.798,102.77503308337008,116.64305249228056,196.74838994265548,33.585766849004465,31.46144992031066,25.41621142298854,29.848988295973022
non_melanoma,0,1,0.5425229798129455,0.1959647149490212,0.701,64.69806285288938,84.73705996623156,136.05094315644234,17.013067961427694,16.985285795156948,17.577857758476707,39.91651039811943
non_melanoma,0,0,0.31405923876131536,0.75451692341728,0.914,155.41560120224875,151.06645071870182,178.38276257663298,13.07027953582957,11.401072295402042,6.1723145813125395,40.195381544061945
non_melanoma,0,0,0.38994521611154587,0.8234304503836083,0.865,100.5120987654321,92.6312757201646,166.79506172839507,23.180088875725723,22.93554417140296,15.732066552119202,15.523783472906056
non_melanoma,0,1,0.5502226843875042,0.3296941510878992,0.753,59.90710151065933,61.98545813920655,133.2226457715657,21.844692244232593,21.072049553112244,15.4779467093768,23.74865185713953
non_melanoma,0,0,0.10252897463782994,0.3392086742449158,0.764,131.02869856162258,171.6292297609603,249.5397537166707,28.801509099072405,22.40481580978703,5.617368162956562,54.43538861327664
non_melanoma,0,0,0.30347228497087647,0.2616760322892955,0.711,116.81227642276424,128.43370731707316,181.9550243902439,16.59831989308538,15.031087960630105,7.912046591092548,27.847880258543658
non_melanoma,0,1,0.7976077559726131,0.3380563874629468,0.756,54.18904788853855,61.13339801115693,78.78095777077101,19.4199253654805,22.415372166573484,25.382369548186222,22.927200495304923
non_melanoma,0,1,0.5710990710157039,0.3471064478551759,0.779,97.14353321575544,109.57451499118166,136.64219576719577,25.848149660988483,25.57831405788762,28.782436972414445,24.53700639050844
non_melanoma,0,0,0.3818996047240871,0.8924349843092956,0.886,142.46336160700616,137.0809014912576,173.89454022108583,28.0271525331811,23.328289482679907,24.878250742981702,38.99741135241154
non_melanoma,0,1,0.5340640007745853,0.3675035807639097,0.777,115.303146455836,115.07893080251162,135.40585705978694,17.808463540580384,17.73043522146221,13.47989020508584,27.3679465405311
non_melanoma,0,0,0.4497365614909908,0.3312544526981374,0.748,132.4467070316853,118.19066899446528,149.80934586382378,24.174115965542192,22.13042970717473,8.333590436512639,34.167815279261816
non_melanoma,0,0,0.3001695820806997,0.1770282650140734,0.69,164.01362771221926,153.3828701941378,188.1584316711077,23.679146607529304,23.56485926099263,17.135247186191947,48.15296566077003
non_melanoma,0,1,0.5040006142803888,0.178400078603402,0.752,89.45765638972286,97.37340552699426,149.58331207881483,45.05371468718688,40.447386290585776,27.10959846288692,5.208532192671969
non_melanoma,0,0,0.3609244925620082,0.3173013763517509,0.805,146.1048835416046,137.87507620529638,170.21558513140715,32.27256148326874,27.734420252398508,10.682056400196307,31.778825204699174
non_melanoma,0,0,0.4986199783888394,0.3978328683772779,0.712,112.11931017829114,105.1647080130398,140.64229081981728,24.005337747888937,20.530087736132337,9.933919959346373,6.2778585747415585
non_melanoma,0,0,0.317848348431218,0.3215969622436728,0.729,147.12376042814418,156.1681056193924,179.47552730993232,12.575700532331757,12.243613306672115,9.582941264483066,36.294728904104254
non_melanoma,0,0,0.43266100261479407,0.0828153635015179,0.698,83.08068955526582,92.74440098507895,158.24806605823554,19.30016057349426,20.929525936627844,16.660640421534,28.238850310528633
non_melanoma,0,1,0.5947040749636983,0.2277897035249822,0.718,94.42920562914745,104.10230022681856,128.82555629569046,21.32594419604749,21.538169581241743,23.968921707773102,17.089806779546603
non_melanoma,0,0,0.4740278445733829,0.2490341399647242,0.737,112.07559540753392,118.0863364645602,144.9202391118702,19.045945200324812,16.22263779077555,8.580269354923175,11.061289795918368
non_melanoma,0,0,0.29356229299626374,0.7327066689146822,0.748,113.51297627744242,123.68114883309624,191.17613133915185,26.349117184684996,23.418200563314517,19.50712433094657,27.46390798185867
non_melanoma,0,0,0.37609953292658393,0.726087278642559,0.704,83.47001960900157,97.95564483231068,174.41486683040324,24.823645642258555,28.25224496528545,23.59874594507054,39.55515097045354
non_melanoma,0,1,0.7553725896702886,0.5512778514664989,0.807,37.89734274444675,50.77890803404609,87.75368486609923,18.260164774767215,20.711310539792983,19.250289473644404,30.506801786677247
non_melanoma,0,0,0.32408593778224404,0.1014867752358548,0.702,161.81768183693111,150.98611302076174,179.89701636188644,17.793351601507606,18.94064192675913,12.822106544244598,31.31234059745966
non_melanoma,0,0,0.4699958370861309,0.2869957398296901,0.719,92.14055233392662,113.0158035252914,150.4647327323879,29.383409177759905,26.406170952827537,16.63278863083481,45.37469107700312
non_melanoma,0,1,0.7080335660626949,0.4337542376121839,0.714,63.19047619047619,88.8331713637836,118.32944606413994,34.04173394740311,41.802732481340186,50.24448150192291,38.00329516210291
non_melanoma,0,1,0.6124007589577,0.2813031872287755,0.718,105.31019286603068,104.39183257292964,123.57317157472694,21.22108777529524,19.82511632890437,21.501524849368852,17.48551111111111
non_melanoma,0,1,0.7241961803588769,1.6441016097884436,0.986,41.10805274612726,61.0256049161439,96.36006913327358,11.520632710121236,14.308737421160767,19.693827908984627,4.578947368421052
non_melanoma,0,0,0.45541410319985093,0.2976269139831993,0.77,139.68295966589736,135.56416325184873,161.20328372034604,40.73911011097796,40.17423186589989,29.824319229072874,26.060553174710904
non_melanoma,0,1,0.5022107969508697,0.1979935324802992,0.726,103.87240092025873,102.80090940660676,141.13892867994966,10.658685867855391,13.182799302978689,12.046813771507104,34.22801611228222
non_melanoma,0,0,0.4734352574614296,0.1292739745705405,0.705,81.53134077705157,98.07493645606392,162.0004992737836,35.277630692397,36.21455788731108,37.56377293068091,39.72497217645715
non_melanoma,0,0,0.4735127017162705,0.6376795222213402,0.829,67.32278427538593,100.14921968352826,157.32500512969065,19.686500471301756,25.271209550447757,29.60000232974276,38.2005403888879
non_melanoma,0,1,0.5950127965601514,0.2935210049349095,0.747,93.2653052784808,106.00240269300116,133.11327808380065,34.689107087362316,37.41005819729371,31.41000694174511,14.401479758204458
non_melanoma,0,1,0.6085575630211149,0.4675565818893359,0.917,81.50566799950533,96.25635846489962,117.73007955810216,17.29097872068908,18.0853429178353,10.092462923534278,32.91601569765279
non_melanoma,0,0,0.39136796600262586,0.4219238768869547,0.784,112.84243947007766,120.2726663621136,166.12608497030607,19.439100971608553,20.531715888691643,15.11468669429813,26.956068667579807
non_melanoma,0,0,0.30928430627398207,0.2540885099415286,0.725,102.76686795350624,126.45006806520296,184.79137142657683,17.411561697674404,16.33237191536621,15.166752074690184,42.66241805685624
non_melanoma,0,0,0.33863714425792196,0.231682797601482,0.771,107.59613848569148,120.80023136034372,187.1899358250475,37.21469859870829,37.57210091152696,31.06737277259775,28.05617777777778
non_melanoma,0,0,0.4094810995998078,1.089369375144617,0.861,124.24510168583946,138.18994084647755,172.64140872352735,34.66245408685847,33.697040212735345,32.890839755103144,13.04481861896386
non_melanoma,0,1,0.8036956937291382,0.2961497041048456,0.738,68.44179508318008,66.43978692371108,72.84769695816686,20.682646912065454,20.289787214696652,18.59858499302634,30.884659396261455
non_melanoma,0,1,0.5912532706309725,0.3656950925269042,0.772,79.21865128416427,80.98914984205466,137.34487021013598,28.136998579718387,31.230692467783047,37.27139822328642,38.38896052370561
non_melanoma,0,0,0.3546384634983014,0.799635136849393,0.858,80.61315496098105,118.35971757710888,172.88442958008176,11.426827527073044,12.133712389875637,12.835827807770755,35.11233732842847
non_melanoma,0,0,0.4020757325350802,0.2425460760934739,0.788,125.5054060419209,124.58898023850814,166.59769413578263,34.84842200162828,35.59255965364598,19.858320712683824,17.6745550055809
non_melanoma,0,1,0.6366466187976231,0.7882469098766385,0.928,80.94665392672081,92.22846642901769,127.41184814964537,30.344778660597548,35.188665979822545,37.164355065388264,16.640128808045564
non_melanoma,0,0,0.2791038075676062,0.4350156671976761,0.754,86.7722031785603,140.57681520722966,201.89311311935185,32.50782431176263,42.28934490808767,31.596150316171503,38.21912212900996
non_melanoma,0,0,0.4304891183832014,0.236283069062405,0.734,124.84657833629284,112.68277557710697,159.11020352410873,32.30332878796982,27.00949783621146,17.355008613417073,33.785977479450644
melanoma,1,1,0.5607372179774077,0.4551468464236081,0.774,97.91377330553289,102.12164203910191,136.97250173752758,17.192002994872773,19.330800985430702,25.634676012900304,20.022725255215267
non_melanoma,0,0,0.3463309556549666,0.6836928401206671,0.872,121.53638153012164,142.0868155270885,176.59714110548222,23.073711682738335,22.623813784890896,15.969649211375245,29.13024146611231
non_melanoma,0,0,0.4631079812603955,0.4758208966838238,0.759,123.68966012790112,118.13336207515988,152.52698138966733,25.763987372820864,25.968877299580075,17.721835573552145,27.88718535164821
non_melanoma,0,1,0.5737038719744478,1.595769484267673,0.939,96.44022864281052,99.29869537450962,132.5640101619027,27.191381861750433,27.090901864519516,22.74881295882997,17.488649375141595
non_melanoma,0,1,0.5411904111358187,0.8520668046454233,0.893,85.28313371293933,100.68313275514456,135.6252747673756,22.37713751824133,20.21105294358662,16.377918434412734,27.30959425908921
non_melanoma,0,0,0.2802143836050259,0.9595534391661578,0.892,122.73583861145936,143.4992754449094,192.3932950160379,15.429308781074514,15.289552819350996,15.84473063365385,36.163728251224875
non_melanoma,0,0,0.17068322208490153,0.5396076916675806,0.811,169.23610004724415,180.06751430256256,225.36109013286983,34.325835493814594,28.670730983597977,16.09677211756556,29.508899153404457
non_melanoma,0,0,0.43320787375746633,1.7362830739293678,0.965,125.36590767722844,128.93095583661622,162.50556990179632,36.99621326059518,36.00397303267908,24.1333828275877,15.199062145165518
non_melanoma,0,0,0.3363385869436847,0.5014268367130227,0.798,155.3202394424921,151.7528441241289,178.92861397343498,32.50845909297718,27.53961720171433,16.042824085824368,27.11150453282867
non_melanoma,0,0,0.4672538868085481,0.2595182652102281,0.777,118.19615194612724,120.39566833935676,146.5755232573256,14.374207498240745,13.109845861402142,9.016500417533788,33.96945763227339
non_melanoma,0,1,0.655845912427371,0.3103991544241317,0.72,70.38924099551708,78.16849590353996,111.85484618951924,23.768073128205057,21.84243643912767,17.9674595535675,23.36359850062474
non_melanoma,0,0,0.48197073019608394,1.3157668370714797,0.915,114.87668515032811,121.24189856030932,147.6783079818894,27.63199310632797,23.43449811506434,16.09579901460849,30.519513479560175
non_melanoma,0,0,0.34286388495347186,0.3192113252823897,0.741,86.49180368008031,100.56688662267548,182.0485045847973,30.000667463690064,28.94595459372127,23.935821351243774,20.05318271367708
non_melanoma,0,0,0.19048210805937035,0.3851755274739261,0.943,106.48414978199538,125.9305975891254,218.1019748653501,13.651126784703154,15.629952467419065,15.475008228100991,32.637245260468376
non_melanoma,0,0,0.3554548146856318,0.4048077489818689,0.797,100.00430347274668,109.86274139605136,170.94078829071816,11.560161719451534,11.922925102240589,9.827603484154976,19.11134034577874
non_melanoma,0,1,0.5626618377459945,0.0616507248352271,0.706,88.5483202806084,78.88297904508482,127.66233255722535,19.631497141775853,17.245220591246273,10.410214702739443,26.822471031144573
non_melanoma,0,0,0.23018817271148664,0.5738566475575476,0.739,166.9235807860262,162.88973799126637,201.05458515283843,11.261706701605812,11.318911385516966,7.427618026262454,1.9279734578141272
non_melanoma,0,0,0.4424566227388925,0.7176511316508609,0.81,98.05564383112116,92.81275313258318,151.0700653718944,21.935766279911665,22.03670660946768,7.895437874336237,17.179698261019283
non_melanoma,0,0,0.30154675747354753,0.4450295465814451,0.75,137.22529404631987,132.17624590760278,183.822723414575,14.199689698805898,14.728842629710533,10.30108649039097,21.93923886629637
non_melanoma,0,1,0.6517855155325797,0.5560394822770431,0.766,84.81294634332633,92.7986251670804,117.9860989115906,21.388541071808728,23.46780010565456,26.867887975038183,26.092563738963488
non_melanoma,0,0,0.22655930370811644,0.1862609368867941,0.728,110.8355227418638,117.24490098276458,203.89303175465457,26.101871666673706,24.76045494721193,10.46660263380087,26.29764045436604
non_melanoma,0,0,0.32233002293088037,0.4832729850996644,0.767,144.08674537055316,150.85726694831604,179.3501006830655,15.130566399812766,13.686811894566963,11.180897247992124,27.036916473765434
non_melanoma,0,1,0.5008104703568433,0.177263729972746,0.732,109.98390825035564,110.13620199146514,141.96701635846372,24.624104024263193,20.99476527113176,12.969182260795307,38.24296880707137
non_melanoma,0,0,0.3712845311262873,0.5289012460990611,0.804,139.11666337637936,137.7691715964247,171.71547070396264,28.64587860518627,27.74349532496206,17.174516938922494,40.56426376827037
non_melanoma,0,0,0.25698209530016447,0.1418743055273972,0.906,138.74159402241594,151.5,194.5401618929016,15.643040250969914,21.20653198320437,9.1015411213297,31.112376286021544
non_melanoma,0,0,0.38723271686420563,0.1214707698210978,0.907,105.02078239608802,150.0535859820701,174.66897582178757,35.40377145806215,37.17802162683026,28.18499038454937,26.808500719271137
non_melanoma,0,0,0.4762424158601301,1.4533771061090472,0.958,72.58467699441458,90.32068711139212,150.68531984402992,21.189414229165777,20.57542217279614,19.215163454737915,37.84720394803428
non_melanoma,0,1,0.5015330004630874,0.6085875361637915,0.756,95.8603032562764,111.67162254536416,146.61005468555803,25.303456827081483,24.205417800506694,21.15917092222331,31.01906443846015
non_melanoma,0,0,0.2030697527850454,0.4673164926134077,0.666,148.59036144578317,152.46987951807228,215.1987951807229,19.564250742061972,20.72995466631347,17.523897583021245,44.834845702987074
non_melanoma,0,1,0.7740128469014863,0.3204737308979488,0.759,83.5018370577624,84.41236240474174,81.41700106762876,11.680021129285322,13.595387690618802,17.54054614544867,34.633077014759806
non_melanoma,0,1,0.5187663447896835,0.2894601112571568,0.732,111.13002956678235,102.08188713202212,142.74607918755623,33.6989118079102,31.546927232363025,20.6247476361604,26.854413130684197
non_melanoma,0,0,0.3860165592275649,0.5281530215214927,0.798,115.38387579262256,124.47158777307295,165.63356717015316,16.059849261950873,16.276779113765876,12.290818640010356,24.58760565344705
non_melanoma,0,1,0.5470838899848548,0.4504346063937168,0.933,85.33503768511154,97.25510989912762,132.79608630332413,15.780771717465404,16.349118821857694,13.633391588033485,23.17248096569967
non_melanoma,0,0,0.4695035976127237,0.9759779960684551,0.918,118.22050044455736,120.63203353232566,155.0410262923917,25.977217962496173,25.873160309091045,24.28043258766041,16.498227779241642
non_melanoma,0,1,0.5908192847940505,0.3907326561774335,0.776,54.06622080912181,73.33063808792896,125.1204774695757,13.038837866540105,14.492589580365497,16.220093579661867,27.503232419713687
non_melanoma,0,0,0.45554530707139385,0.3590067284569235,0.747,134.60565730483907,126.3683279387226,157.57039464425725,33.918849761050076,31.28151754595317,23.661731570724744,12.469096705688868
melanoma,1,1,0.6859940193094072,0.1899290689701688,0.729,79.10097983852866,94.71026833918906,109.63207677567677,28.633101668603135,30.035230736821823,26.19189607513288,28.84174260584553
non_melanoma,0,0,0.43009188357996,0.932122864878244,0.877,71.28304025632137,91.97903336112648,160.4407959453256,20.89828639101803,23.863530481064178,19.486578735801064,26.72728888888889
non_melanoma,0,1,0.6549502318335997,0.3420695075537217,0.719,81.97028661582961,95.40533789113856,139.04359716013673,45.97558728198762,49.96783259668028,64.08803431950011,24.544533333333337
non_melanoma,0,0,0.2818938874045667,0.185058329696922,0.681,119.03079710144928,131.8605072463768,187.95350241545893,13.230934449908242,11.967290796920697,8.987962282628633,42.84165289256198
non_melanoma,0,0,0.40169347279931156,0.3065149928227949,0.753,110.81960964919246,114.28778446537184,161.43249059060807,21.732873862363014,18.44712159719332,10.890270745541956,23.471406917459007
non_melanoma,0,0,0.15352774796964844,0.2041348545432498,0.721,122.10581097079717,131.52885753749013,231.0711079321231,26.68404913925638,27.24274278135795,14.731741936954704,16.021238871755173
non_melanoma,0,0,0.26557924387717474,0.3085583026887918,0.743,91.62530266343826,98.19448287789692,195.4515306122449,18.976747674555767,20.41260362418378,14.579440519512382,43.434240428879434
non_melanoma,0,0,0.29340618847914035,0.2973921904316569,0.769,148.8914779282288,141.0414718562147,192.093235776307,26.485273042521985,29.211505982628836,21.00833556288003,32.065044106706345
non_melanoma,0,0,0.2508926975121991,0.7320352202862336,0.89,117.7488566047888,133.8231922398589,199.35280094460884,18.033914945626147,18.328268657682756,14.49824823957385,27.3240389751808
non_melanoma,0,0,0.4463491073244166,0.9329602460541828,0.908,123.80891955312964,128.00343378564506,156.77337971228894,21.55380347973754,20.732871465583855,19.03066010089476,26.51770702104832
non_melanoma,0,0,0.4125941408715705,0.5530108226846587,0.819,43.32392827302526,74.78269811684555,164.62921781605502,29.710098418498355,28.07773152870876,20.328523223657925,11.415972298100282
non_melanoma,0,1,0.5210134043547628,0.2078372202041242,0.728,99.7986968235073,116.90860221790616,135.7146419397281,11.819156640222063,10.705965507356616,9.39926062947704,28.13506925207756
non_melanoma,0,1,0.5141937085283501,0.319016905860865,0.725,132.35581980164784,147.35534288690909,147.3176821500056,29.604750698012047,28.756896125467325,26.826845240360814,26.137260888332086
non_melanoma,0,0,0.4021319212478001,0.2336038008375967,0.76,77.73693418371866,101.56712286296394,168.9721188767827,23.951372863593,24.318509969872217,23.937131564870484,29.623787864640995
non_melanoma,0,1,0.6328104191804533,0.8980947546163494,0.855,106.43022580920235,106.71323139047745,117.52521201418288,18.74292371902295,17.861417076848454,18.81045520831858,24.91600454867675
non_melanoma,0,1,0.5421207236838972,0.1376091502430879,0.929,51.00770073242522,68.79108768567322,136.78249709083445,14.567153932463402,17.522369457927883,18.6855651404168,31.86412079681823
non_melanoma,0,0,0.484979347730099,0.5691592875789376,0.761,101.74713405740324,101.04819364248948,143.91003773039046,22.81625282873851,23.26495980205348,10.71554045001917,25.211495221241336
non_melanoma,0,0,0.33829856289233057,0.2630761338303469,0.783,125.8644171779141,111.86301489921122,184.39333917616125,36.12335140196121,34.23808593780123,26.154497309563805,17.240202014996523
non_melanoma,0,1,0.515987391068253,1.59588505634344,0.936,73.76133300661603,85.62525044323047,146.5388961759661,29.658840192452463,30.441062019275748,26.127783552979142,26.180627743127744
non_melanoma,0,0,0.41409372489284335,0.2628001538231985,0.714,124.77893032272335,138.32603093533697,162.999355756375,24.697034335548864,21.045660451346187,18.08708809682577,8.888306093170764
non_melanoma,0,0,0.2699595789024096,0.2528566327456614,0.72,127.72019647670012,123.08530916761065,196.25686496621225,22.956795301312255,21.78901441920914,17.92204190897721,23.257622505304266
non_melanoma,0,1,0.6559403158966994,0.1748851059307103,0.719,66.41794629109043,70.11209368687226,109.31129130232098,19.75484616022737,20.180345519540943,13.656959496727874,20.09080578773263
non_melanoma,0,0,0.14713657464931099,1.0142177780363504,0.925,132.48046278105218,165.17237866550244,230.7440878992942,13.142573692766144,12.387973253003707,9.768792471339044,38.81285479213064
non_melanoma,0,1,0.5810950342912362,1.065655712491993,0.919,100.81144063517635,107.14671523394388,131.16522497413033,28.33444063922661,26.04031727597116,23.023894246560445,10.08962157972538
non_melanoma,0,0,0.41928865844112156,0.0974938242875089,0.684,112.3714126186488,123.00971524288109,160.43729759910664,22.216504047855064,17.450781563992415,15.589139738585825,37.9645055301032
non_melanoma,0,0,0.3562886937246034,0.1395398845089315,0.696,85.13779055835131,105.42679127725856,177.21231727773784,19.37532585429131,22.261343846297525,20.86672121756113,21.16568888888889
non_melanoma,0,0,0.2862450932858467,0.5283660427871325,0.77,176.11349750928886,165.86847032465317,191.15462006392957,24.345729529599048,21.59426201045693,16.342078135559337,12.49633233898968
non_melanoma,0,0,0.30231348429242044,0.1826690362055153,0.732,56.62647974609287,112.79055670041063,194.9614325897625,32.543833636513114,38.77840598269152,29.65893252112229,8.445877303920552
non_melanoma,0,0,0.2858927833120234,0.137452187778215,0.701,60.488008282049805,88.20682118824409,188.84678207856444,8.74988188871582,13.538780298810938,12.245828075485305,28.354194392502375
non_melanoma,0,1,0.7107698979821165,0.2034244286351566,0.752,70.67777010873371,81.50702717842532,109.27127409496944,17.69687530887348,23.175606935930567,35.93088228741016,30.749993083250004
non_melanoma,0,1,0.5594656293259936,0.4254128859390809,0.731,72.43616442825295,82.90935783807296,136.0552444130281,24.330493440239582,24.1136655276528,23.612753244802317,35.02615933412604
melanoma,1,1,0.5096819623772011,0.4422679346189733,0.766,115.22665605273104,116.04058281657508,150.78675281713262,34.027358782249856,31.68655036216803,31.16683241336693,30.283670564073837
non_melanoma,0,1,0.6062493027940221,0.28215740601033,0.742,103.0296334445908,108.24292095437124,121.907860984282,19.707068515984425,19.387299226479776,16.38103255738443,24.592247455577755
non_melanoma,0,0,0.19839766379209325,0.2451261853542246,0.733,130.75904705513565,145.84810003134686,216.68864894987985,28.781523151795273,28.221852019579323,17.507390549656556,27.456570729101237
non_melanoma,0,0,0.35712531377191914,0.3727868869236006,0.771,79.51516002091417,108.53509452654173,172.22165166900575,19.586344702965594,22.2811378547345,12.657801639058466,23.931061107807096
non_melanoma,0,0,0.3789445015795952,0.6924149802067557,0.807,120.00704094003544,124.11911312132798,172.6342208337219,26.840593588455594,27.816755790541,21.62079416533793,17.669131331421962
non_melanoma,0,0,0.4838960771019896,0.3996846860777815,0.838,158.91832103558022,145.80051950276163,152.82590948663423,36.000484761176786,32.37771404278088,25.572372939965945,12.273908523908524
non_melanoma,0,1,0.6679379311484892,0.2077988007259504,0.926,70.86272478191037,83.13864201807704,108.50589550593644,19.89807566432998,20.229439423480347,16.999206676513477,21.562524792051896
non_melanoma,0,0,0.3849932021009861,1.712357508604209,0.881,98.40357815442562,125.65310734463276,169.2638418079096,19.39237105135472,17.73236384785025,18.11531048945613,41.071778505640935
non_melanoma,0,0,0.34797019371802207,0.2987310646484046,0.722,91.57470900886656,103.14711927899876,184.032997239081,48.116418436715485,43.94679062012256,29.31516578486899,43.16925777725814
non_melanoma,0,0,0.31291610973364714,0.1573352699766837,0.902,116.73028866867728,126.38905644118914,184.19431279620852,23.246765458501997,20.704513277103658,15.63765572961303,37.3843358473873
non_melanoma,0,1,0.5339115682795973,0.1667206124045684,0.725,124.67286904956458,123.02649826068684,137.01111292694884,14.760135760391194,15.45241888577807,16.169600286879415,32.85099187067117
non_melanoma,0,1,0.508353835028632,0.2761329737752139,0.715,101.17754274634233,102.04788177918796,140.53263411481285,18.95742914836607,18.08044171775648,13.173342117145392,9.876492479768832
non_melanoma,0,1,0.534739580063473,0.2650416591106695,0.753,80.31190128111415,94.22932135574962,140.82980033085832,23.496768824797854,23.3520840459646,22.9891626205523,36.23912877614448
non_melanoma,0,1,0.5021535172205267,0.411767396727229,0.748,109.95685218598196,114.34885773768217,143.02499375433726,21.31140991101366,21.727470592826865,15.250213177539388,18.780543983336003
non_melanoma,0,1,0.5107090191740696,0.7601975821693591,0.797,130.51160187089496,124.78340824653354,142.7958020964639,26.147738826623343,25.618334581880823,17.870818439200495,15.524919597931582
non_melanoma,0,0,0.4915968151252551,0.8055162586072088,0.893,88.5765080338996,103.79359588909767,148.9901982590022,32.61650879014967,28.38228711945486,21.72911587987973,7.813637343318463
non_melanoma,0,0,0.3996822786174592,0.1340663061163948,0.711,106.20453794470755,114.11822153688,169.76855013400888,30.550529581295933,28.84711319337533,24.400755815893294,32.541943653054766
non_melanoma,0,1,0.6923526210952561,0.1800761422167229,0.714,84.20401960176167,93.76074685193228,116.72414862601576,32.793438195865335,34.201336504355986,40.92569931620971,23.746331590487436
non_melanoma,0,0,0.21959410640071042,1.6454182597149831,0.985,154.04570795935314,163.1499545292792,206.8814598078368,22.960093972170228,19.568196374147934,12.037199692882,29.60819944598338
non_melanoma,0,1,0.5094775837153489,0.4278107724849047,0.823,96.67995104999144,106.40872655159572,147.67402321427497,34.629530883334304,34.005097643173336,25.774744931703697,12.646101881515612
non_melanoma,0,0,0.28602152476971754,0.2936636338547218,0.721,150.80944736763874,137.86924403222451,188.8591367163114,20.2081432229007,18.943758078849022,12.322433046027838,17.21303007242001
non_melanoma,0,0,0.4022648369273809,0.315404666206696,0.714,99.45424702503078,129.5584735330324,174.54698399671727,35.641147607323745,44.216393118421195,33.51405042432538,42.99079552925707
non_melanoma,0,1,0.7276692301165977,0.2177907887680116,0.703,74.08832333007646,84.05663859551171,98.40337164037904,26.08895376520518,26.610037487146847,24.72243398888604,23.2334629120445
non_melanoma,0,0,0.22711355003678232,0.3434590681538971,0.738,146.87506283749818,153.11763990464917,208.7487148718115,31.416945310626335,30.717086952300637,19.043802650950784,32.276657790873706
non_melanoma,0,1,0.6151349357565628,0.5051042903484557,0.858,104.20454154025516,96.80825638240088,125.01571256342656,33.11252727727273,33.56644795084092,24.98209567131746,17.398463618739033
non_melanoma,0,1,0.6735915742350865,0.243900279411117,0.723,53.83163388999016,72.66088618245604,118.5881690221189,34.148194319442574,33.09462439273337,36.484367874478735,48.85424465289705
non_melanoma,0,0,0.17698227044914913,0.959693753786238,0.945,176.44399606916596,187.93535032513017,228.8293641666841,45.11087085570219,38.93467347294046,25.88493755611259,15.553231825676349
non_melanoma,0,1,0.5732310282675015,0.3481789847025409,0.731,109.00939818631493,111.4351219810082,135.1662959909621,28.4936784083275,29.020409070999516,27.02637760833617,23.535983254259772
non_melanoma,0,0,0.366333210977293,0.3262930984699767,0.809,94.49097875731846,90.68714710480336,169.21598258897097,21.953397243342547,21.05028359737264,11.03064284567975,12.689149223303758
non_melanoma,0,0,0.47112496589517844,0.5420029469175628,0.822,127.91915022870212,130.0254163093196,153.9814536878216,31.181318222781808,30.497741408379163,23.04224923797768,16.165616116672847
non_melanoma,0,1,0.5130822366171014,0.1332923656545767,0.699,126.36755386565272,140.18448986058303,146.60464195183778,28.71993461575589,26.894785320449063,25.216596208313874,47.3298162802536
non_melanoma,0,0,0.4267296161474334,0.2307489259637525,0.734,136.4507069163164,141.22735957202903,153.3763660680168,11.305234485998843,9.830281622645948,6.204043827785288,13.03489490277804
non_melanoma,0,0,0.1855030218785826,0.2340071256009853,0.706,143.22557913494248,150.52049246719585,220.52211242507695,24.71087431518316,23.186721055876355,16.74070524190755,27.749951751201625
non_melanoma,0,1,0.6598197743686345,0.5065897925801167,0.754,103.79842758359382,97.23633608032586,110.11774178270342,25.22033445176043,20.89849109718706,16.55222616040561,27.1812352893434
non_melanoma,0,1,0.641558414663762,0.2053386048180905,0.696,74.85461782899276,95.618705402074,112.61661898246052,14.86000249548592,13.557187853456366,13.751277515880512,9.645507983217762
non_melanoma,0,0,0.3802531408344528,0.7312896948497825,0.835,148.04610673026795,144.00755055319513,165.69160850960944,16.33768344894453,13.55909948120432,10.243876263905364,28.92512236809536
non_melanoma,0,0,0.42394772530405445,0.234431939881138,0.693,111.94566353187042,110.91170323928944,153.9391327063741,7.929131934370971,7.062568476376785,6.164261821475911,19.325339032740064
non_melanoma,0,0,0.26914133119669853,0.511218322735929,0.883,102.31452117149789,124.59917965135182,196.40517219818423,28.07428786045741,30.21126578072838,17.809783767039,20.037206719422464
non_melanoma,0,1,0.5147413650508791,0.0909526081868559,0.689,67.50043529631242,77.72119271189602,142.78679808469622,16.76412249216394,18.67442935585686,19.275845992937313,34.17841716945934
non_melanoma,0,0,0.2640620873812282,0.5474770296640468,0.741,58.60284341978866,65.70074927953891,205.27715658021137,40.09658894875152,48.15187046836148,30.6870816249852,32.38163305580594
non_melanoma,0,0,0.4381034354821626,0.5174146651547146,0.779,142.04826242040627,141.50672229949004,155.6449954112382,17.698302978390828,18.25860539213635,14.160047044320812,23.739575839647777
non_melanoma,0,0,0.45852337690935135,0.2094224400624148,0.924,79.30113141862489,113.08199606888256,160.1730376194248,28.411968159001628,32.52729095900629,29.166191662440685,45.962464315091694
non_melanoma,0,0,0.3850502579549591,1.5985101191134594,0.975,117.5342900572246,129.16165951359085,176.26318848354794,29.525311105317726,29.446906890692414,30.099434053150716,32.220750471766586
non_melanoma,0,0,0.23436622774684893,0.1250777877405184,0.7,138.04881210628832,145.89747047365918,204.87469626792264,30.90060869471628,28.89952728996343,16.018742398383814,21.96871027644043
non_melanoma,0,0,0.412205265519967,0.5765616987544685,0.811,159.20185600616915,160.9928055662659,169.92979950226086,23.97337474396895,29.462274736199248,29.246770894681415,21.50432666306111
non_melanoma,0,0,0.2914765995587087,0.1273382631736802,0.698,177.08260747400956,165.70643439168305,186.15993256532735,20.06381581570251,17.492650748006724,10.046754516211983,25.857665905713525
non_melanoma,0,0,0.41570754272195604,0.8975711720823055,0.762,133.58837042602622,133.8450743149295,173.40607646535568,48.9911633061804,44.924036181662125,36.45876387600128,32.296342704988646
non_melanoma,0,0,0.29717101910667504,0.4188178931460709,0.727,82.41871294863743,124.2762825324367,188.17320506732435,17.894084621185876,18.424660908612168,15.900655575306372,26.7866651353637
non_melanoma,0,1,0.5424438945322494,0.3184165935485911,0.73,90.74172038230718,97.8441745224429,133.92233568243924,15.032342237995728,15.179176395583267,13.911710767580828,5.761183431952663
non_melanoma,0,1,0.8113668458308056,0.1456448121184917,0.698,41.027014858171995,53.61046652581997,68.26741246146919,10.536501738634744,11.767747950955602,15.11432816293961,21.082492643968052
non_melanoma,0,0,0.37156760519996807,0.6872376561044032,0.936,108.42119353428092,126.32783610477964,173.58882701453896,26.88388542163799,24.030681178905446,20.483064716030466,35.272059712698294
non_melanoma,0,0,0.2803930715750542,0.9468611440908832,0.844,142.02241662110444,148.59720703480954,193.8017814835065,19.80995336618064,22.165198974931275,18.329994746725564,17.308695565049693
non_melanoma,0,0,0.47625998288005383,0.4289744601489274,0.757,96.19256722220356,105.41535878580302,158.39051296688044,34.34292303958463,30.733187790778366,32.39067432808055,21.191712761861332
non_melanoma,0,0,0.4719521872069917,0.1160403255513778,0.692,100.22542817776794,130.19565938873413,155.85381110898797,27.25406844774111,28.619886962172092,26.53453433088199,30.294169641746905
non_melanoma,0,0,0.3911331408827208,0.369625985871186,0.93,119.61000141663123,139.2533881097417,172.6143457524673,28.17947525748878,30.01658599243934,26.117313336145607,30.0048828125
non_melanoma,0,0,0.1807120808757999,0.1112121179180635,0.711,114.00301685891748,136.25523513753328,221.82719609582963,29.542096800268457,28.86216642843872,16.152355157764397,21.61398207553527
non_melanoma,0,0,0.41618304036801324,1.3628620271103244,0.87,90.53857949279636,116.10954587581094,159.71847670401888,16.448094878389984,17.353949772496122,13.236890108980678,30.9611753902663
non_melanoma,0,0,0.3637001782732663,0.4096707712232409,0.73,75.09139150943396,109.86379716981132,174.3567216981132,14.39107661960178,18.391182021488987,18.817162469503167,23.768107809855135
non_melanoma,0,0,0.40873940654254887,0.2930387498363386,0.734,120.26991612068606,112.31186412385762,163.30113925635354,39.55326642393688,35.55178310135044,16.6569225880363,35.461378108938405
melanoma,1,1,0.8471377705466946,0.3322260917698091,0.724,28.88468534012368,32.16478719534376,61.46926154965442,22.188537388351524,23.447877627280036,25.796998681960496,36.3308070993652
non_melanoma,0,0,0.25473665187451044,0.2976931167362583,0.735,112.16827364554638,122.24093204775023,198.90955004591368,23.80054987470533,21.55973635789244,15.531554736831076,23.143310546875
non_melanoma,0,0,0.28797390415357915,0.1066184296781022,0.72,90.79090161611622,110.09595489336871,193.31702233694008,39.26183743322759,33.66510005794417,20.781291231731295,28.28810005402453
non_melanoma,0,0,0.468030724042335,0.537889399023714,0.792,115.83714437649562,113.13706461047592,150.00013294336614,29.81852739754423,26.47669503049146,15.14428084146416,20.982688640031295
non_melanoma,0,0,0.32304148622870416,0.1919271248868849,0.703,79.97150816416593,138.1357844218888,178.3570581421006,18.10478303647345,14.384443762052252,9.770122608268409,25.760024487297216
non_melanoma,0,1,0.5568299404513133,0.6303817444065642,0.844,92.78642488351592,89.87130084372245,145.2020736263275,40.81814071691326,41.25834554417645,38.305482136364226,14.665645976867836
non_melanoma,0,1,0.7331111434982461,0.528014137624054,0.812,40.58426813051928,53.332981008558086,102.059889529135,22.976110781737827,24.27367215436981,33.40409180598369,25.395748939043212
non_melanoma,0,0,0.3770601211391412,0.4501939863907924,0.827,96.86751012945386,116.13385551279302,162.79214022098574,10.938635908196233,12.952556755127285,4.093882137719624,40.92067483716807
non_melanoma,0,1,0.5579203718129373,0.3426207980479026,0.825,117.78594475394614,114.55017409470751,133.2058495821727,27.840778138085096,25.571803457112463,18.191145688881974,23.39374464399796
non_melanoma,0,1,0.5023279685389292,0.1655111881078137,0.705,63.23342429382698,82.69817095656022,139.87639206431152,15.428685635730451,12.961078148399372,9.930200509156691,13.398935818626478
non_melanoma,0,0,0.44905257216416183,0.1363788910220117,0.686,107.98169289313998,108.44672426205904,152.23445438650623,28.31085278855183,26.29408275138176,12.235185206946756,27.12646556672236
non_melanoma,0,0,0.45722846918525273,1.5670438517547751,0.9,123.01659535552972,126.84581088235817,151.2280005775822,10.372756966583216,10.345908947592422,13.418702961622156,35.93806364195532
non_melanoma,0,0,0.3116496396870753,0.5033721388681088,0.813,146.87679413831177,153.2085176692223,181.17887143971151,16.526561404415247,14.785881750766144,9.96483997548552,28.783401372017003
non_melanoma,0,0,0.47908168007006774,0.5245043554332715,0.802,132.11316066991975,132.92737769674872,152.37415768495185,29.74449575019058,27.79957965281901,23.10313203751813,25.840038898983288
non_melanoma,0,0,0.37233092134335505,1.0653785758740115,0.958,87.33971264033507,119.5028910476412,177.0178155236267,27.508110513092443,26.768507815410032,26.631280315657,28.76673596186274
non_melanoma,0,0,0.4855676633479682,0.5863249585393285,0.772,151.84447962765145,138.39598275598962,153.80455516557302,20.840406520000624,24.3358158241002,27.83401383679917,27.663781302120384
non_melanoma,0,1,0.5657900413658458,0.0820180982998405,0.71,113.85885659519938,114.63685213701903,130.98597934591817,13.909560891289049,15.376810395182767,17.21050421449236,14.8731766301119
non_melanoma,0,0,0.3491939019147056,0.153573117295156,0.703,124.3360124061275,123.50240880394225,174.49060094148024,40.483812491828154,34.95110240766219,13.480073674531049,10.46772832130512
non_melanoma,0,0,0.44373315320856555,0.2869307572949925,0.807,132.3698055325376,120.88219702980189,156.1442021192193,35.53094431372478,29.80290315435395,17.02315551454051,22.396369933580303
non_melanoma,0,1,0.5397177393497015,0.8523097957984079,0.962,99.58468962623266,92.79607948925457,132.15131732757845,11.84023300822561,14.7904720256004,9.91857762514486,26.483973892909475
non_melanoma,0,0,0.21032735478898337,0.1708191933267147,0.742,137.45497873126652,171.41381858799124,212.8498801140491,25.810552256715045,21.80506514493086,17.40479561387789,54.35797370756854
non_melanoma,0,1,0.5600388420063755,0.5353969166981937,0.775,86.11325187969925,93.83082706766918,137.25751879699249,25.261282247317965,28.284662493985415,25.87232678155857,3.587150140251018
non_melanoma,0,0,0.2667540625449811,0.8587225718989068,0.851,133.04405002438514,148.01790566432103,195.47239253117817,22.183684483609262,19.983905246688504,15.144436424364647,36.36608965823347
non_melanoma,0,0,0.47919770389574157,1.597294105036477,0.964,92.52590421164147,103.89573857955487,148.59537140644744,23.01843442072867,22.83463589044203,16.68554285912194,31.76789684979016
non_melanoma,0,0,0.22625340316310738,0.1978214803013769,0.72,115.02140402552774,111.04879725085912,208.69101620029457,26.510555569343147,24.21412163542158,18.51335976364308,42.35876472750827
non_melanoma,0,1,0.6176549455675632,0.232528656108509,0.733,77.65821631878558,76.4525540796964,118.95723719165083,30.022280844452546,28.054594500789573,15.565204973829603,16.161247320499157
non_melanoma,0,0,0.36255206212651897,0.1050197884362036,0.925,103.8946355137308,118.59471406348668,174.2673310025105,33.59843737577859,30.728750256347823,18.227473141269652,30.631518951268166
non_melanoma,0,0,0.2956211305390285,0.3026092031386001,0.751,140.41675734494015,147.18628944504897,184.62894450489665,23.990190730619723,26.99030590584637,9.188935135181826,40.85355628771507
non_melanoma,0,1,0.5770220813278847,0.0823366813702306,0.709,135.87738372594703,131.44995254120286,132.3804469755803,35.147487975298205,34.11493547366636,23.63032995288815,12.228085695060724
non_melanoma,0,0,0.41800149929516023,0.5163229033596931,0.813,99.7826766603872,110.96344542867448,166.8989538658864,28.64195532060377,29.09394714232308,26.167629046592396,24.623994694790937
non_melanoma,0,0,0.39487280066352975,0.4479650844823641,0.811,100.24747189424326,110.47011468278627,172.68309700016948,27.78010985695701,29.554226698156803,27.614461610974327,18.71982222222222
non_melanoma,0,1,0.5860116073483101,0.3781032560359887,0.753,72.54275135289092,79.88607234406152,125.47496439760752,19.472886692924806,22.29049829271976,15.078893914645644,41.231169309950985
non_melanoma,0,1,0.6044866244545525,0.069153289292046,0.698,109.47619435028248,104.5182824858757,129.75129491525425,42.19680246625012,39.39291596800792,29.13727344781821,35.340577063550036
non_melanoma,0,0,0.42368400033819903,0.2364915957304738,0.698,106.22194558234412,110.5971954111633,156.2790021604887,18.50685141106178,18.047438841701123,10.068399735858666,17.43740976504583
non_melanoma,0,0,0.4668996122310938,0.3934300847027457,0.733,117.38907701000704,118.36763802676188,154.704575232979,25.649389860051325,24.119204509575415,22.784993826144365,13.4731648199446
non_melanoma,0,1,0.5993807701906391,0.5832600154785786,0.802,50.70687418936446,54.60259403372244,129.19040207522698,19.92402409513962,21.692253717661583,26.30327091689986,14.520595720614574
non_melanoma,0,0,0.302312421925424,1.4295956431548411,0.89,141.8579604578564,141.9954619031102,183.86059081974796,9.86477541627156,11.240659188591714,10.68551143504097,36.637202015346546
melanoma,1,1,0.7910096441552146,0.513856165345196,0.834,63.42533802729142,67.84636893264378,90.56092279892827,30.36445729920659,33.33528583348502,41.96173079947349,21.27570684775364
non_melanoma,0,1,0.548914177288964,0.4536580049950338,0.785,69.2749763403695,77.07724355017899,138.25202649878617,23.36222925988612,25.529416173814603,23.60870072702126,26.08270198835837
non_melanoma,0,0,0.4796281752607589,0.9067298636713398,0.861,74.79961345803052,83.29559602744882,154.9320511335669,46.26634459742541,44.42417151180989,27.66765852030108,7.394340735137059
non_melanoma,0,1,0.6584451720216021,0.1422101807830678,0.701,64.10167458007862,79.90488589370501,115.3691479042222,21.133892106572578,23.46930617168513,24.989219482001587,15.403529645052547
non_melanoma,0,0,0.2651165721884954,0.1830031223072777,0.696,107.64934449430784,145.17988409757243,197.4485613521296,28.393537145661053,25.08639251844985,17.783784305475834,15.757517972578707
non_melanoma,0,0,0.44018377392183544,1.057033057994747,0.871,109.0136549899998,122.3394919770419,156.7301119891594,26.218323599762968,21.819771991885386,16.758016962821763,40.26051684556679
non_melanoma,0,0,0.47376772355092406,0.6522508393363944,0.876,63.019535867604056,94.79624214521247,148.5539725004666,9.792616815802432,13.45693175266754,14.699036800939572,11.647268815100984
non_melanoma,0,1,0.6458809078287624,0.4640106275203781,0.779,92.9737164470998,97.89584363112763,119.90297865938837,31.430281308336458,31.29428214330777,27.86342729891514,13.731326242413315
non_melanoma,0,0,0.48902749668639517,0.1767564146711656,0.713,131.1192544159266,115.49429101200352,145.5261052015224,31.6043973243218,27.36327191599514,14.903661767304936,26.815657827767563
non_melanoma,0,1,0.6105127219875311,0.3671785883810174,0.744,99.77590917837212,86.6872426399846,116.71148739657497,17.545531761257177,13.985771957179123,9.074501935458809,35.36843053997757
non_melanoma,0,1,0.6099820849380911,0.8062272841502397,0.863,91.83931840878827,88.15217210386152,120.60205143142475,17.45694249803313,18.116393345030865,15.527706700782012,32.669001084938884
non_melanoma,0,0,0.4102988187751053,0.3991856507249432,0.827,139.39155819416305,133.4270381014137,163.13142603390548,24.45192078854225,25.030178580939054,16.934396469852256,24.73357649728292
non_melanoma,0,1,0.602618606986564,0.1339339864038638,0.717,113.57776157744914,104.19520238839132,125.5847392904256,29.34403739291777,27.416029339718435,21.32895390086071,29.362453404466333
non_melanoma,0,0,0.21094701381054506,0.1762026574073515,0.724,157.14763133208254,172.4452392120075,209.42870544090056,18.93172762833704,16.62299384386062,11.88548911150908,5.297066666666667
non_melanoma,0,0,0.4241751938605799,0.6157836303400518,0.784,45.47817863728781,88.59879899758855,158.2385455577096,17.864200514010147,15.525846461322592,13.594558690518424,37.68139679018182
non_melanoma,0,0,0.20120945614519123,0.1801239110148678,0.698,123.91990698082576,157.8906410425168,214.1664165679435,39.24397439720741,34.43576414442949,14.744282507755152,15.127869635347375
non_melanoma,0,0,0.1413012283103198,0.2791736088484286,0.748,135.8346633251995,148.31266899690036,234.54303238145485,22.466331145704984,22.227580445762435,12.100277535636808,37.385195952111296
non_melanoma,0,0,0.3225430901809537,0.2451839812343241,0.778,93.30035206002692,116.00724509630676,184.87724115432192,31.388393566868405,30.9128812112307,20.71342601884164,31.61390414795452
non_melanoma,0,0,0.1607982057310192,0.2111109071072644,0.708,82.11501124054772,124.70243204577967,227.5155834866135,22.88987902785312,25.82283625154528,13.485946252419216,40.20306270279331
melanoma,1,1,0.7522918053278701,0.2478275246130349,0.918,91.05138860193412,91.56492138920176,101.16765860453336,41.020291621116456,40.904231617745175,40.71567122106001,8.66041118358317
non_melanoma,0,0,0.2750649508692351,0.8780784057184152,0.885,100.30518517043248,128.98567032791945,197.33399388574105,17.060024700938115,20.950391291023863,22.02943038572495,31.602488888888892
non_melanoma,0,1,0.5064912070490248,0.6030107687727737,0.896,99.44998612786878,101.76899352848947,141.70883364411208,18.085453280246753,18.75689085379972,14.527802772741222,13.150688609090178
non_melanoma,0,0,0.42761088016372245,0.2755053019538356,0.723,109.08417995923254,117.86769178503252,155.75891383828906,19.92135363123913,19.885716863153448,10.593122054310673,17.118131355957686
non_melanoma,0,0,0.27782629281732363,0.6026938643409822,0.825,118.18860801050558,126.13616217990808,193.848079448457,22.0607049477091,20.71870015291081,17.28643201190339,31.296816479400743
non_melanoma,0,1,0.5595936121784384,0.1597756099519511,0.726,52.91756234164555,63.90980130684091,132.76672889718628,15.52099283017732,18.10551444268569,18.037895681186995,29.668371209915083
non_melanoma,0,0,0.43979382653756477,0.2434868519561339,0.697,144.78837370242215,142.95133060710916,150.51164517143755,12.5606633211641,9.58284205577057,5.990461089334536,36.39589576320151
non_melanoma,0,1,0.519705678787902,0.2740957075814724,0.706,131.71562771225814,114.1761372338796,138.78572522591514,20.58569082112139,18.364101584749907,14.187077765100282,31.630859374999996
non_melanoma,0,0,0.44875094090338097,0.17502803591919,0.727,70.14447603914026,83.07596864956571,164.98625431606112,44.77532259156348,46.96331151554892,33.92259169541113,29.862701185463887
non_melanoma,0,1,0.6745383414390899,0.3821735614894728,0.711,78.22626351976197,90.67515580394836,111.75261147521208,24.288956928587233,25.707668883551573,25.18064002795885,30.86960906406621
non_melanoma,0,0,0.35003266526837723,0.5645327186801448,0.766,117.61939218523878,128.79015918958032,185.327496382055,38.33050913756478,43.16723735342807,32.326562437546144,23.266964995279725
non_melanoma,0,0,0.4645787105422184,0.3034867373432888,0.724,142.26561967994553,141.40394109635682,155.43867041198502,28.254458149601945,25.96962127053244,23.218798395118625,40.71618873195511
non_melanoma,0,0,0.22273478978652925,0.3566543147490879,0.718,151.66831140350877,158.32127192982455,202.72916666666663,8.76988118552876,8.728285545147601,6.544978000333811,32.90929203539823
non_melanoma,0,1,0.6480272255057538,0.2265907723618252,0.728,102.34810828636527,94.76415037774314,116.94961925890397,21.491400713119432,23.156741298306564,23.64269825066856,24.39810068526412
non_melanoma,0,0,0.18838602006089505,0.1496206916598878,0.722,125.62336179507544,150.99895750595712,215.4130262112788,17.87280128328615,16.57459457036981,9.677816291564769,31.46367280753119
non_melanoma,0,0,0.4113390921876919,0.3054844715359259,0.74,157.6953632400789,151.17543308669272,162.22177556122256,22.42473283277073,22.46047216289644,15.757905346149991,15.091765873015872
non_melanoma,0,0,0.42441521508717406,0.1355213648434817,0.712,117.67954500142794,123.1354111098538,162.0536256014829,31.112537063932304,28.439336019546253,20.201569917586436,38.67138412390801
non_melanoma,0,0,0.44426857840374046,0.5774093865242117,0.813,124.31808312655087,128.23133788254756,155.10523504273505,22.799097811858836,24.992595156784787,15.438285051346028,16.56635886293681
non_melanoma,0,1,0.6645108224073375,0.0856645720946994,0.698,42.84235888022028,60.8046122074346,106.49736117485084,9.122234793864877,9.870816885999524,12.209980848497636,30.418914347771903
non_melanoma,0,0,0.45172369732059847,0.4246004302637476,0.881,105.30146455956888,105.99633035660472,156.54015172104798,25.2746414756859,26.19975102137858,20.543914250559173,18.651883830455255
